<?xml version="1.0" encoding="UTF-8"?><MD_Metadata xmlns:gts="http://www.isotc211.org/2005/gts" xmlns:gco="http://www.isotc211.org/2005/gco" xmlns:xalan="http://xml.apache.org/xalan" xmlns:srv="http://www.isotc211.org/2005/srv" xmlns:gmx="http://www.isotc211.org/2005/gmx" xmlns:xlink="http://www.w3.org/1999/xlink" xmlns:xsi="http://www.w3.org/2001/XMLSchema-instance" xmlns:gml="http://www.opengis.net/gml" xmlns="http://www.isotc211.org/2005/gmd">
    <characterSet>
        <MD_CharacterSetCode codeList="http://www.isotc211.org/2005/resources/Codelist/gmxCodelists.xml#MD_CharacterSetCode" codeListValue="utf8" codeSpace="ISOTC211/19115">utf8</MD_CharacterSetCode>
    </characterSet>
    <hierarchyLevel>
        <MD_ScopeCode codeList="http://www.isotc211.org/2005/resources/Codelist/gmxCodelists.xml#MD_ScopeCode" codeListValue="dataset" codeSpace="ISOTC211/19115">dataset</MD_ScopeCode>
    </hierarchyLevel>
    <hierarchyLevelName>
        <gco:CharacterString>dataset</gco:CharacterString>
    </hierarchyLevelName>
    <contact gco:nilReason="missing"/>
    <dateStamp gco:nilReason="missing"/>
    <metadataStandardName>
        <gco:CharacterString>ISO 19139 Geographic Information - Metadata - Implementation Specification</gco:CharacterString>
    </metadataStandardName>
    <metadataStandardVersion>
        <gco:CharacterString>2007</gco:CharacterString>
    </metadataStandardVersion>
    <identificationInfo>
        <MD_DataIdentification>
            <citation>
                <CI_Citation>
                    <title>
                        <gco:CharacterString>PPR_Districts_2011</gco:CharacterString>
                    </title>
                    <date gco:nilReason="missing"/>
                </CI_Citation>
            </citation>
            <abstract>
                <gco:CharacterString>CLICK HERE to view metadata. For questions or technical assistance please email maps@phila.gov.</gco:CharacterString>
            </abstract>
            <purpose>
                <gco:CharacterString>Polygon boundaries of PPR's operational districts as established by PPR's GIS staff and reviewed, revised, and approved by PPR's executive staff. These boundaries were in place from 2011 to 2018 and have been superseded by new boundaries.  The current boundaries are shown in the PPR_Districts_2018 layer.</gco:CharacterString>
            </purpose>
            <descriptiveKeywords>
                <MD_Keywords>
                    <keyword>
                        <gco:CharacterString>authoritative</gco:CharacterString>
                    </keyword>
                    <keyword>
                        <gco:CharacterString>Parks and Recreation</gco:CharacterString>
                    </keyword>
                    <keyword>
                        <gco:CharacterString>PPR</gco:CharacterString>
                    </keyword>
                    <keyword>
                        <gco:CharacterString>PPR Districts 2011</gco:CharacterString>
                    </keyword>
                    <keyword>
                        <gco:CharacterString>PPR_Districts_2011</gco:CharacterString>
                    </keyword>
                </MD_Keywords>
            </descriptiveKeywords>
            <descriptiveKeywords>
                <MD_Keywords>
                    <keyword>
                        <gco:CharacterString>authoritative</gco:CharacterString>
                    </keyword>
                    <keyword>
                        <gco:CharacterString>Parks and Recreation</gco:CharacterString>
                    </keyword>
                    <keyword>
                        <gco:CharacterString>PPR</gco:CharacterString>
                    </keyword>
                    <keyword>
                        <gco:CharacterString>PPR Districts 2011</gco:CharacterString>
                    </keyword>
                    <keyword>
                        <gco:CharacterString>PPR_Districts_2011</gco:CharacterString>
                    </keyword>
                </MD_Keywords>
            </descriptiveKeywords>
            <descriptiveKeywords>
                <MD_Keywords>
                    <keyword>
                        <gco:CharacterString>authoritative</gco:CharacterString>
                    </keyword>
                    <keyword>
                        <gco:CharacterString>Parks and Recreation</gco:CharacterString>
                    </keyword>
                    <keyword>
                        <gco:CharacterString>PPR</gco:CharacterString>
                    </keyword>
                    <keyword>
                        <gco:CharacterString>PPR Districts 2011</gco:CharacterString>
                    </keyword>
                    <keyword>
                        <gco:CharacterString>PPR_Districts_2011</gco:CharacterString>
                    </keyword>
                </MD_Keywords>
            </descriptiveKeywords>
            <descriptiveKeywords>
                <MD_Keywords>
                    <keyword>
                        <gco:CharacterString>authoritative</gco:CharacterString>
                    </keyword>
                    <keyword>
                        <gco:CharacterString>Parks and Recreation</gco:CharacterString>
                    </keyword>
                    <keyword>
                        <gco:CharacterString>PPR</gco:CharacterString>
                    </keyword>
                    <keyword>
                        <gco:CharacterString>PPR Districts 2011</gco:CharacterString>
                    </keyword>
                    <keyword>
                        <gco:CharacterString>PPR_Districts_2011</gco:CharacterString>
                    </keyword>
                </MD_Keywords>
            </descriptiveKeywords>
            <descriptiveKeywords>
                <MD_Keywords>
                    <keyword>
                        <gco:CharacterString>authoritative</gco:CharacterString>
                    </keyword>
                    <keyword>
                        <gco:CharacterString>Parks and Recreation</gco:CharacterString>
                    </keyword>
                    <keyword>
                        <gco:CharacterString>PPR</gco:CharacterString>
                    </keyword>
                    <keyword>
                        <gco:CharacterString>PPR Districts 2011</gco:CharacterString>
                    </keyword>
                    <keyword>
                        <gco:CharacterString>PPR_Districts_2011</gco:CharacterString>
                    </keyword>
                </MD_Keywords>
            </descriptiveKeywords>
            <resourceConstraints>
                <MD_Constraints>
                    <useLimitation>
                        <gco:CharacterString>The City of Philadelphia reserves all rights in the City's databases and any data contained therein, and the end user’s use of the data does not constitute a transfer of, nor does the end user receive, any title or interest in the database or any other City data. The City of Philadelphia makes no representation about the accuracy of any specific information in this data and is provided “as is” and without Warranty of any kind. The user of this data will assume complete responsibility for any and all occurrences resulting from its use or display and will hold the City of Philadelphia harmless from any and all claims, demands, liabilities, obligations, damages, suits, judgments or settlements, including reasonable costs and attorneys' fees, that arise from use of this data.</gco:CharacterString>
                    </useLimitation>
                </MD_Constraints>
            </resourceConstraints>
            <language gco:nilReason="missing"/>
            <characterSet>
                <MD_CharacterSetCode codeList="http://www.isotc211.org/2005/resources/Codelist/gmxCodelists.xml#MD_CharacterSetCode" codeListValue="utf8" codeSpace="ISOTC211/19115">utf8</MD_CharacterSetCode>
            </characterSet>
        </MD_DataIdentification>
    </identificationInfo>
</MD_Metadata>
